<?xml version='1.0' encoding='UTF-8' ?>
<!-- was: <?xml version="1.0" encoding="UTF-8"?> -->
<beans xmlns="http://www.springframework.org/schema/beans"
       xmlns:xsi="http://www.w3.org/2001/XMLSchema-instance"
       xmlns:p="http://www.springframework.org/schema/p"
       xmlns:aop="http://www.springframework.org/schema/aop"
       xmlns:tx="http://www.springframework.org/schema/tx"
       xmlns:context="http://www.springframework.org/schema/context" 
       xmlns:mvc="http://www.springframework.org/schema/mvc"
       xsi:schemaLocation="
       http://www.springframework.org/schema/mvc 
       http://www.springframework.org/schema/mvc/spring-mvc-4.0.xsd
       http://www.springframework.org/schema/context 
       http://www.springframework.org/schema/context/spring-context-4.0.xsd
       http://www.springframework.org/schema/beans http://www.springframework.org/schema/beans/spring-beans-4.0.xsd
       http://www.springframework.org/schema/aop http://www.springframework.org/schema/aop/spring-aop-4.0.xsd
       http://www.springframework.org/schema/tx http://www.springframework.org/schema/tx/spring-tx-4.0.xsd
       " >

    <mvc:annotation-driven />
    <context:component-scan base-package="mvc.*" />
    <bean class="org.springframework.web.servlet.mvc.support.ControllerClassNameHandlerMapping"/>
    
     <mvc:resources mapping="/resources/**" location="/resources/"/>
    <!-- caminho das views -->
    <bean id="viewResolver"
          class="org.springframework.web.servlet.view.InternalResourceViewResolver"
          p:prefix="/WEB-INF/jsp/"
          p:suffix=".jsp" />
    
    <bean id="dataSource"
          class="org.springframework.jdbc.datasource.DriverManagerDataSource"
          p:driverClassName="com.mysql.jdbc.Driver"
          p:url="jdbc:mysql://localhost/projetoPizza"
          p:username="root"
          p:password="10203040" />
     <!-- Upload de arquivos-->
    <bean id="multipartResolver"
        class="org.springframework.web.multipart.commons.CommonsMultipartResolver">
        <!-- one of the properties available; the maximum file size in bytes -->
        <property name="maxUploadSize" value="1000000" />
    </bean>
    <!-- Filtro de autorização e autenticação-->
    <mvc:interceptors>
        <bean class="mvc.interceptor.AutorizadorInterceptor" />
    </mvc:interceptors>     
    <!--
    The index controller.
    -->
    <!--<bean name="indexController"
          class="org.springframework.web.servlet.mvc.ParameterizableViewController"
          p:viewName="index" />!-->

</beans>
